,flairs
0,Coronavirus
1,Non-Political
2,Non-Political
3,Coronavirus
4,AskIndia
5,Coronavirus
6,Politics
7,Non-Political
8,Non-Political
9,Non-Political
10,Coronavirus
11,Non-Political
12,Coronavirus
13,Politics
14,Politics
15,Non-Political
16,Politics
17,Politics
18,Politics
19,Policy/Economy
20,Coronavirus
21,Non-Political
22,Politics
23,Coronavirus
24,Coronavirus
25,Coronavirus
26,Coronavirus
27,Coronavirus
28,AskIndia
29,Coronavirus
30,Politics
31,Coronavirus
32,Politics
33,Politics
34,Non-Political
35,Coronavirus
36,Politics
37,Politics
38,Coronavirus
39,AskIndia
40,Non-Political
41,Coronavirus
42,Policy/Economy
43,Politics
44,Non-Political
45,AskIndia
46,Food
47,Coronavirus
48,Non-Political
49,AskIndia
50,Politics
51,Non-Political
52,Non-Political
53,Coronavirus
54,Coronavirus
55,Politics
56,Science/Technology
57,Photography
58,Politics
59,Politics
60,Non-Political
61,Politics
62,AskIndia
63,Non-Political
64,Politics
65,Policy/Economy
66,Non-Political
67,Politics
68,Politics
69,Coronavirus
70,Politics
71,Politics
72,Coronavirus
73,Coronavirus
74,Photography
75,Politics
76,Science/Technology
77,Politics
78,AskIndia
79,AskIndia
80,Politics
81,Non-Political
82,Non-Political
83,AskIndia
84,AskIndia
85,Non-Political
86,Politics
87,Policy/Economy
88,Non-Political
89,AskIndia
90,Coronavirus
91,Scheduled
92,AskIndia
93,Science/Technology
94,AskIndia
95,Coronavirus
96,Non-Political
97,Non-Political
98,Politics
99,Coronavirus
100,Non-Political
101,Non-Political
102,AskIndia
103,Politics
104,Non-Political
105,Politics
106,Coronavirus
107,Coronavirus
108,Politics
109,Coronavirus
110,Coronavirus
111,Non-Political
112,AskIndia
113,Non-Political
114,AskIndia
115,AskIndia
116,Science/Technology
117,AskIndia
118,Coronavirus
119,AskIndia
120,Non-Political
121,Non-Political
122,Coronavirus
123,Non-Political
124,Science/Technology
125,Non-Political
126,Coronavirus
127,Coronavirus
128,AskIndia
129,Non-Political
130,AskIndia
131,Politics
132,Politics
133,Coronavirus
134,AskIndia
135,Politics
136,Coronavirus
137,Non-Political
138,Policy/Economy
139,AskIndia
140,Policy/Economy
141,AskIndia
142,Non-Political
143,Coronavirus
144,Non-Political
145,AskIndia
146,Coronavirus
147,AskIndia
148,Policy/Economy
149,Coronavirus
150,Policy/Economy
151,AskIndia
152,Politics
153,Business/Finance
154,Coronavirus
155,Coronavirus
156,Non-Political
157,Science/Technology
158,Business/Finance
159,Politics
160,AskIndia
161,Coronavirus
162,Politics
163,Non-Political
164,Coronavirus
165,Coronavirus
166,Business/Finance
167,Politics
168,Non-Political
169,AskIndia
170,Politics
171,Coronavirus
172,Policy/Economy
173,Food
174,Policy/Economy
175,Non-Political
176,Politics
177,Non-Political
178,AskIndia
179,Politics
180,Politics
181,Politics
182,Non-Political
183,Non-Political
184,Non-Political
185,Politics
186,Politics
187,Non-Political
188,Coronavirus
189,Politics
190,AskIndia
191,AskIndia
192,Coronavirus
193,CAA-NRC-NPR
194,Politics
195,Politics
196,AskIndia
197,Politics
198,AskIndia
199,Coronavirus
200,Politics
201,AskIndia
202,Policy/Economy
203,Policy/Economy
204,Politics
205,Politics
206,Coronavirus
207,Business/Finance
208,Politics
209,Politics
210,Non-Political
211,Non-Political
212,Non-Political
213,Politics
214,Coronavirus
215,Non-Political
216,Coronavirus
217,Coronavirus
218,Politics
219,Non-Political
220,Coronavirus
221,Non-Political
222,Coronavirus
223,Coronavirus
224,Coronavirus
225,Scheduled
226,Coronavirus
227,Policy/Economy
228,Politics
229,Coronavirus
230,Non-Political
231,Non-Political
232,Politics
233,CAA-NRC-NPR
234,AskIndia
235,Policy/Economy
236,Non-Political
237,Politics
238,Politics
239,Politics
240,Non-Political
241,Science/Technology
242,Business/Finance
243,Policy/Economy
244,Non-Political
245,Politics
246,Non-Political
247,Coronavirus
248,Coronavirus
249,Non-Political
250,AskIndia
251,Coronavirus
252,AskIndia
253,Science/Technology
254,Coronavirus
255,Politics
256,AskIndia
257,Politics
258,Non-Political
259,Coronavirus
260,Politics
261,Non-Political
262,AskIndia
263,Coronavirus
264,Politics
265,AskIndia
266,Coronavirus
267,Coronavirus
268,Food
269,Non-Political
270,Coronavirus
271,Politics
272,Business/Finance
273,Coronavirus
274,AskIndia
275,Non-Political
276,Business/Finance
277,Scheduled
278,AskIndia
279,Food
280,Non-Political
281,AskIndia
282,AskIndia
283,Coronavirus
284,Science/Technology
285,AskIndia
286,Coronavirus
287,Politics
288,Coronavirus
289,Politics
290,Politics
291,Non-Political
292,Coronavirus
293,Business/Finance
294,Non-Political
295,AskIndia
296,Politics
297,AskIndia
298,Coronavirus
299,AskIndia
300,Non-Political
301,AskIndia
302,Non-Political
303,Food
304,AskIndia
305,AskIndia
306,AskIndia
307,Non-Political
308,Politics
309,Non-Political
310,Non-Political
311,AskIndia
312,AskIndia
313,Scheduled
314,Business/Finance
315,Coronavirus
316,Non-Political
317,AskIndia
318,AskIndia
319,Coronavirus
320,AskIndia
321,AskIndia
322,Coronavirus
323,Policy/Economy
324,AskIndia
325,Non-Political
326,Coronavirus
327,Business/Finance
328,AskIndia
329,AskIndia
330,Politics
331,Non-Political
332,Politics
333,AskIndia
334,AskIndia
335,Science/Technology
336,AskIndia
337,Coronavirus
338,Non-Political
339,Science/Technology
340,Coronavirus
341,AskIndia
342,Coronavirus
343,Coronavirus
344,AskIndia
345,AskIndia
346,Non-Political
347,Coronavirus
348,AskIndia
349,AskIndia
350,Politics
351,Non-Political
352,Non-Political
353,Politics
354,Non-Political
355,Coronavirus
356,AskIndia
357,Coronavirus
358,Politics
359,Non-Political
360,Food
361,Non-Political
362,Coronavirus
363,Politics
364,Non-Political
365,AskIndia
366,Non-Political
367,Science/Technology
368,Sports
369,Photography
370,Non-Political
371,Coronavirus
372,Policy/Economy
373,Politics
374,Coronavirus
375,AskIndia
376,Policy/Economy
377,Politics
378,Politics
379,Politics
380,Politics
381,Coronavirus
382,Coronavirus
383,AskIndia
384,Non-Political
385,Photography
386,Politics
387,Non-Political
388,AskIndia
389,Non-Political
390,Non-Political
391,Politics
392,Politics
393,Politics
394,Non-Political
395,Politics
396,Photography
397,AskIndia
398,Non-Political
399,Coronavirus
400,Politics
401,Non-Political
402,Non-Political
403,Science/Technology
404,Politics
405,AskIndia
406,Non-Political
407,Coronavirus
408,Coronavirus
409,Politics
410,Politics
411,Politics
412,AskIndia
413,AskIndia
414,Non-Political
415,Politics
416,Non-Political
417,Non-Political
418,Politics
419,AskIndia
420,AskIndia
421,Non-Political
422,Politics
423,Coronavirus
424,AskIndia
425,Coronavirus
426,AskIndia
427,AskIndia
428,Policy/Economy
429,AskIndia
430,Non-Political
431,Coronavirus
432,Coronavirus
433,Politics
434,Non-Political
435,Politics
436,Non-Political
437,Non-Political
438,Coronavirus
439,Coronavirus
440,CAA-NRC-NPR
441,AskIndia
442,Coronavirus
443,Coronavirus
444,Coronavirus
445,AskIndia
446,Coronavirus
447,Politics
448,Politics
449,AskIndia
450,Non-Political
451,Non-Political
452,Politics
453,Politics
454,Policy/Economy
455,AskIndia
456,AskIndia
457,Non-Political
458,Politics
459,AskIndia
460,AskIndia
461,Politics
462,Coronavirus
463,AskIndia
464,AskIndia
465,AskIndia
466,AskIndia
467,AskIndia
468,Coronavirus
469,Sports
470,Coronavirus
471,Non-Political
472,Politics
473,Coronavirus
474,Coronavirus
475,AskIndia
476,CAA-NRC-NPR
477,Non-Political
478,Politics
479,Coronavirus
480,Policy/Economy
481,Politics
482,AskIndia
483,AskIndia
484,Non-Political
485,Politics
486,Non-Political
487,Non-Political
488,AskIndia
489,Politics
490,Politics
491,Policy/Economy
492,Politics
493,Politics
494,Non-Political
495,Coronavirus
496,Coronavirus
497,AskIndia
498,Politics
499,Non-Political
500,Non-Political
501,Science/Technology
502,Politics
503,Politics
504,Non-Political
505,Coronavirus
506,Politics
507,Scheduled
508,Non-Political
509,Coronavirus
510,AskIndia
511,Coronavirus
512,Politics
513,Coronavirus
514,AskIndia
515,Policy/Economy
516,Politics
517,AskIndia
518,Coronavirus
519,Non-Political
520,Non-Political
521,Coronavirus
522,AskIndia
523,Politics
524,Non-Political
525,Politics
526,Scheduled
527,Coronavirus
528,Coronavirus
529,Politics
530,Coronavirus
531,Coronavirus
532,Coronavirus
533,AskIndia
534,Scheduled
535,Politics
536,Non-Political
537,Non-Political
538,Coronavirus
539,Coronavirus
540,Food
541,Policy/Economy
542,Coronavirus
543,Non-Political
544,Non-Political
545,Coronavirus
546,Coronavirus
547,Food
548,Politics
549,AskIndia
550,Coronavirus
551,Politics
552,Coronavirus
553,Coronavirus
554,Non-Political
555,Coronavirus
556,Non-Political
557,Coronavirus
558,Politics
559,Science/Technology
560,Policy/Economy
561,Non-Political
562,Politics
563,Politics
564,Politics
565,Politics
566,AskIndia
567,Non-Political
568,CAA-NRC-NPR
569,Photography
570,Non-Political
571,Coronavirus
572,Non-Political
573,Sports
574,Politics
575,AskIndia
576,AskIndia
577,AskIndia
578,Non-Political
579,AskIndia
580,AskIndia
581,Politics
582,Non-Political
583,Non-Political
584,AskIndia
585,Coronavirus
586,AskIndia
587,Politics
588,Scheduled
589,Non-Political
590,Non-Political
591,Non-Political
592,Non-Political
593,Non-Political
594,AskIndia
595,Politics
596,Politics
597,Coronavirus
598,Non-Political
599,Non-Political
600,Coronavirus
601,Coronavirus
602,Politics
603,Policy/Economy
604,Non-Political
605,Non-Political
606,Politics
607,Coronavirus
608,Coronavirus
609,Coronavirus
610,Policy/Economy
611,Non-Political
612,Coronavirus
613,Business/Finance
614,AskIndia
615,Non-Political
616,Food
617,Coronavirus
618,Non-Political
619,AskIndia
620,Photography
621,Non-Political
622,Politics
623,Coronavirus
624,AskIndia
625,Non-Political
626,Politics
627,AskIndia
628,Coronavirus
629,Coronavirus
630,AskIndia
631,Scheduled
632,Politics
633,Coronavirus
634,Non-Political
635,AskIndia
636,Politics
637,Coronavirus
638,Non-Political
639,Non-Political
640,Science/Technology
641,Coronavirus
642,Policy/Economy
643,Policy/Economy
644,Non-Political
645,Non-Political
646,Coronavirus
647,Business/Finance
648,Non-Political
649,Non-Political
650,AskIndia
651,Business/Finance
652,Science/Technology
653,Non-Political
654,Science/Technology
655,AskIndia
656,Coronavirus
657,Coronavirus
658,Coronavirus
659,Politics
660,Non-Political
661,Non-Political
662,AskIndia
663,Politics
664,Coronavirus
665,Politics
666,Non-Political
667,Politics
668,Politics
669,Coronavirus
670,AskIndia
671,Coronavirus
672,Non-Political
673,Politics
674,Politics
675,Politics
676,Politics
677,Politics
678,Non-Political
679,AskIndia
680,Coronavirus
681,AskIndia
682,Coronavirus
683,Non-Political
684,Politics
685,Food
686,Coronavirus
687,Coronavirus
688,AskIndia
689,Non-Political
690,Coronavirus
691,Coronavirus
692,Non-Political
693,Politics
694,Non-Political
695,Politics
696,Non-Political
697,Coronavirus
698,Non-Political
699,AskIndia
700,AskIndia
701,Politics
702,Non-Political
703,Politics
704,Coronavirus
705,AskIndia
706,Science/Technology
707,Coronavirus
708,Photography
709,Science/Technology
710,Coronavirus
711,Non-Political
712,Politics
713,Politics
714,Coronavirus
715,Coronavirus
716,Non-Political
717,Coronavirus
718,Politics
719,Policy/Economy
720,Non-Political
721,Coronavirus
722,Coronavirus
723,AskIndia
724,Scheduled
725,AskIndia
726,Non-Political
727,Coronavirus
728,AskIndia
729,AskIndia
730,Politics
731,Coronavirus
732,Coronavirus
733,Scheduled
734,Coronavirus
735,AskIndia
736,Non-Political
737,AskIndia
738,Non-Political
739,Non-Political
740,AskIndia
741,Politics
742,Non-Political
743,Non-Political
744,Politics
745,AskIndia
746,Non-Political
747,AskIndia
748,Non-Political
749,Coronavirus
750,Coronavirus
751,Non-Political
752,Business/Finance
753,Non-Political
754,Non-Political
755,AskIndia
756,AskIndia
757,Politics
758,Non-Political
759,Business/Finance
760,Scheduled
761,AskIndia
762,AskIndia
763,AskIndia
764,AskIndia
765,AskIndia
766,AskIndia
767,Coronavirus
768,Policy/Economy
769,Non-Political
770,Coronavirus
771,AskIndia
772,Coronavirus
773,Politics
774,Non-Political
775,Non-Political
776,Non-Political
777,Coronavirus
778,Politics
779,Non-Political
780,Coronavirus
781,Politics
782,Politics
783,Non-Political
784,Politics
785,Politics
786,Politics
787,Coronavirus
788,Coronavirus
789,Policy/Economy
790,Non-Political
791,Coronavirus
792,Coronavirus
793,Coronavirus
794,Coronavirus
795,AskIndia
796,Coronavirus
797,Politics
798,Politics
799,Coronavirus
800,Politics
801,Policy/Economy
802,Non-Political
803,Coronavirus
804,Politics
805,Politics
806,Coronavirus
807,AskIndia
808,Food
809,Non-Political
810,Politics
811,Coronavirus
812,Non-Political
813,AskIndia
814,Coronavirus
815,Non-Political
816,AskIndia
817,Politics
818,Non-Political
819,Non-Political
820,Coronavirus
821,Coronavirus
822,Politics
823,Photography
824,Politics
825,Politics
826,Politics
827,Non-Political
828,Science/Technology
829,Non-Political
830,Politics
831,Politics
832,AskIndia
833,Politics
834,Non-Political
835,Coronavirus
836,Coronavirus
837,Science/Technology
838,Politics
839,Politics
840,Coronavirus
841,Photography
842,Politics
843,AskIndia
844,Politics
845,AskIndia
846,AskIndia
847,AskIndia
848,Politics
849,Non-Political
850,Non-Political
851,Non-Political
852,Politics
853,AskIndia
854,Policy/Economy
855,Non-Political
856,AskIndia
857,Coronavirus
858,Scheduled
859,AskIndia
860,Science/Technology
861,AskIndia
862,Coronavirus
863,Non-Political
864,Non-Political
865,Politics
866,Coronavirus
867,Non-Political
868,Non-Political
869,Politics
870,Non-Political
871,Politics
872,Coronavirus
873,Coronavirus
874,Politics
875,Coronavirus
876,Coronavirus
877,Non-Political
878,AskIndia
879,Non-Political
880,AskIndia
881,AskIndia
882,Science/Technology
883,AskIndia
884,Coronavirus
885,AskIndia
886,Non-Political
887,Non-Political
888,Coronavirus
889,Non-Political
890,Science/Technology
891,Non-Political
892,Coronavirus
893,Coronavirus
894,AskIndia
895,Non-Political
896,AskIndia
897,Politics
898,Politics
899,Coronavirus
900,AskIndia
901,Politics
902,Coronavirus
903,Non-Political
904,Policy/Economy
905,AskIndia
906,Policy/Economy
907,AskIndia
908,Non-Political
909,Coronavirus
910,Non-Political
911,AskIndia
912,Coronavirus
913,AskIndia
914,Policy/Economy
915,Coronavirus
916,Policy/Economy
917,AskIndia
918,Politics
919,Business/Finance
920,Coronavirus
921,Coronavirus
922,Non-Political
923,Science/Technology
924,Business/Finance
925,Politics
926,AskIndia
927,Coronavirus
928,Politics
929,Non-Political
930,Coronavirus
931,Coronavirus
932,Business/Finance
933,Politics
934,Non-Political
935,AskIndia
936,Politics
937,Coronavirus
938,Policy/Economy
939,Food
940,Policy/Economy
941,Non-Political
942,Politics
943,Non-Political
944,AskIndia
945,Politics
946,Politics
947,Politics
948,Non-Political
949,Non-Political
950,Non-Political
951,Politics
952,Politics
953,Non-Political
954,Coronavirus
955,Politics
956,AskIndia
957,AskIndia
958,Coronavirus
959,CAA-NRC-NPR
960,Politics
961,Politics
962,AskIndia
963,Politics
964,AskIndia
965,Coronavirus
966,Politics
967,AskIndia
968,Policy/Economy
969,Policy/Economy
970,Politics
971,Politics
972,Coronavirus
973,Business/Finance
974,Politics
975,Politics
976,Non-Political
977,Non-Political
978,Non-Political
979,Politics
980,Coronavirus
981,Non-Political
982,Coronavirus
983,Coronavirus
984,Politics
985,Non-Political
986,Coronavirus
987,Non-Political
988,Coronavirus
989,Coronavirus
990,Coronavirus
991,Scheduled
992,Coronavirus
993,Policy/Economy
994,Politics
995,Coronavirus
996,Non-Political
997,Non-Political
998,Politics
999,CAA-NRC-NPR
1000,AskIndia
1001,Policy/Economy
1002,Non-Political
1003,Politics
1004,Politics
1005,Politics
1006,Non-Political
1007,Science/Technology
1008,Business/Finance
1009,Policy/Economy
1010,Non-Political
1011,Politics
1012,Non-Political
1013,Coronavirus
1014,Coronavirus
1015,Non-Political
1016,AskIndia
1017,Coronavirus
1018,AskIndia
1019,Science/Technology
1020,Coronavirus
1021,Politics
1022,AskIndia
1023,Politics
1024,Non-Political
1025,Coronavirus
1026,Politics
1027,Non-Political
1028,AskIndia
1029,Coronavirus
1030,Politics
1031,AskIndia
1032,Coronavirus
1033,Coronavirus
1034,Food
1035,Non-Political
1036,Coronavirus
1037,Politics
1038,Business/Finance
1039,Coronavirus
1040,AskIndia
1041,Non-Political
1042,Business/Finance
1043,Scheduled
1044,AskIndia
1045,Food
1046,Non-Political
1047,AskIndia
1048,AskIndia
1049,Coronavirus
1050,Science/Technology
1051,AskIndia
1052,Coronavirus
1053,Politics
1054,Coronavirus
1055,Politics
1056,Politics
1057,Non-Political
1058,Coronavirus
1059,Business/Finance
1060,Non-Political
1061,AskIndia
1062,Politics
1063,AskIndia
1064,Coronavirus
1065,AskIndia
1066,Non-Political
